196232	government does do	1
549219	what a pathologist does	1
549235	what a pronoun	1
558263	what are endotoxins?	1
559009	what are foragers	1
561448	what are mandrakes	1
563347	what are plastids	1
563359	what are platitudes	1
568709	what are the dent	1
639545	what does increment of	1
645252	what does pbr322 do	1
680250	what is a cwe	1
687375	what is a hydromyelia	1
687615	what is a interstim	1
689885	what is a malanga	1
693469	what is a pacemaker for	1
694678	what is a photostat	1
695993	what is a primatologist	1
699510	what is a serigraph	1
699872	what is a shotgun	1
699873	what is a shoul	1
701663	what is a straddle	1
702790	what is a tanf	1
702792	what is a tanga	1
703383	what is a thoracentesis	1
704398	what is a tsp?	1
708517	what is advertisement?	1
708781	what is agave?	1
710297	what is amex ?	1
710914	what is an acl	1
711811	what is an anoscopy for	1
714636	what is an fcr	1
714672	what is an fmo	1
715588	what is an interlude	1
718782	what is anxiety	1
722413	what is barron	1
724121	what is bioflavonoids	1
724571	what is blackleg	1
725047	what is bobtail?	1
726076	what is broth	1
726098	what is brownfields	1
727707	what is carbohydrates?	1
728060	what is carpuject	1
729697	what is chattahoochee	1
731759	what is cobol	1
732618	what is compassion?	1
735343	what is counter	1
736347	what is csfb	1
738484	what is dendrochronology	1
739743	what is dihydroquercetin	1
740416	what is djgpp	1
741977	what is dynamics	1
742022	what is dysgraphia?	1
743708	what is emulation	1
744891	what is espresso	1
745559	what is excavatum	1
747937	what is floof	1
749267	what is fructose?	1
751778	what is gomorrah	1
753168	what is gwa	1
755465	what is hominid	1
756949	what is iboss	1
757275	what is ied	1
758901	what is inductance	1
758909	what is inductive	1
759503	what is instamed	1
760512	what is ip?	1
762111	what is javascript?	1
762761	what is kalel	1
763878	what is kyc?	1
764691	what is lavf	1
766272	what is lispro	1
767745	what is mag	1
768133	what is malmsey	1
771694	what is mhs?	1
772928	what is moca	1
773998	what is mrsi	1
778139	what is nrn	1
782696	what is perched	1
784961	what is polarised	1
786021	what is ppp	1
788035	what is ptb	1
788702	what is qa?	1
788851	what is qualfon	1
790059	what is rectocele?	1
791140	what is respite	1
792900	what is rylon	1
792977	what is sacrococcygeal	1
795540	what is shaft	1
796383	what is simplicheck	1
798945	what is spotting	1
800987	what is sunchoke	1
801478	what is sweetfx	1
804687	what is the altitude of be	1
814282	what is the ddc	1
841020	what is the principle?	1
856171	what is tipm	1
857943	what is trump	1
859669	what is usaid	1
860573	what is venator	1
10312	accordian definition	2
19552	anxiety: definition	2
27932	at what age can a kitten	2
39577	average of rn	2
49435	beard define	2
49802	belizean cuisine	2
53814	bindlestiff definition	2
54307	blackmail definition	2
54843	blueberries pint	2
57270	burning libraries	2
58234	calan medication	2
58801	calgary population	2
61531	campagnolo bikes	2
90941	chateau meaning	2
93311	cliff definition	2
96602	concomitant, definition	2
97295	consolidate function	2
97652	contacts meaning	2
100013	cortana what is the apocalypse	2
107077	cost of slate	2
111995	cours definition	2
112035	courtesy of meaning	2
114638	cva causes	2
116431	deed restrictions	2
117683	define anglicised	2
118365	define biobanks	2
118702	define calving	2
119089	define cleft	2
119168	define coherent	2
119761	define crusades	2
122440	define humidors	2
123710	define marmite	2
123975	define mib	2
124128	define mni	2
124787	define oppress	2
125545	define populace	2
126491	define resit	2
126525	define retrogressed	2
126821	define scooped out	2
127315	define spalting	2
127876	define tapestry	2
129517	define: entity's	2
129565	define: homologate	2
130825	definition for daring	2
130932	definition for naive	2
131768	definition of a pest	2
131873	definition of a surge	2
131925	definition of aberration	2
132104	definition of airbrush	2
132263	definition of an empath	2
132359	definition of anthropology	2
132639	definition of attorney	2
135079	definition of hamburger	2
135386	definition of imagination	2
135464	definition of indeterminism	2
135516	definition of infraction	2
135633	definition of introspective.	2
136209	definition of menses	2
137440	definition of prostration	2
137508	definition of purse	2
138223	definition of slouch	2
139090	definition of tumor	2
139239	definition of velvet	2
139767	definition quint	2
139897	definition sharing	2
139929	definition socorro	2
140161	definition wedgie	2
140804	demasculated definition	2
141472	derriere definition	2
156889	do i have to sponsor my husband for	2
160339	do you have to collect copays	2
175251	dove meaning	2
176065	drops definition	2
180693	enlarge definition	2
181301	eradicated definition	2
182393	exacting definition	2
185397	fastest lamborghini	2
187818	flash definition	2
193866	general izzam	2
194724	gesundheit meaning	2
195199	glioma meaning	2
195693	golf cost	2
197024	greenhorns meaning	2
197964	haemoptysis causes	2
200600	heels or heal	2
201376	here there be dragons comic	2
224548	how do you wrap a sari	2
234165	how fast is a saluki	2
236580	how is drive booster	2
236708	how is gasoline made	2
263889	how long is if your on disability	2
309402	how much does a engineer	2
321363	how much is a switch	2
334558	how old is canada	2
334916	how old is eminem?	2
342285	how titanic facts	2
344955	how to become a clnc?	2
355484	how to do a basic squat	2
358240	how to find a slit	2
377805	how to rig for crappie	2
2	 Androgen receptor define	3
1576	60x40 slab cost	3
4947	Ludacris Net Worth	3
6217	The hormone that does the opposite of calcitonin is	3
6791	What Does Noel Mean in the Bible	3
10157	academic cheating definition	3
10205	accelerated cml symptoms	3
10264	access parallels cost	3
17586	an eating disorder is characterized by _____.	3
17848	anatomy origin definition	3
18840	another name for reaper	3
19457	antithesis definition and examples	3
21861	are corn snakes poisonous	3
21948	are cycling shoes necessary	3
22479	are florida mangroves protected	3
24979	are snails good for plants	3
25344	are the chemicals in instant coffee?	3
26079	are vets considered doctors	3
26485	argue the meaning of a debate	3
32642	average cost of a baby	3
35996	average developer salary	3
36214	average egg prices	3
38098	average kwh for tv	3
46081	average time for an appraisal	3
47270	average weight for a pug	3
47864	awareness of others definition	3
50891	benefits of hydrogenated water	3
53109	biggest german shepherds	3
53813	binding spell definition	3
53897	biological culture definition	3
54040	bipolar mood symptoms	3
56033	brandywine md population	3
57882	cabin fever meaning	3
59084	calling powershell functions	3
59204	calorie of granola bar	3
59426	calories crab meat	3
59654	calories in a flour wrap	3
60357	calories in ham sandwich	3
61452	cambridge  wi in what county	3
66154	can crystals cause dizziness	3
68095	can hives be a sign of pregnancy	3
70787	can lice be transmitted to pets	3
72435	can pine floors be whitewashed	3
72613	can prednisone cause headaches	3
73106	can router slow internet	3
73119	can running strengthen back	3
73853	can stdev be higher than the mean	3
74356	can tetracaine be used in the ear	3
75342	can vinegar reduce fat	3
75801	can you absorb metals from plants	3
76283	can you catch a sinus infection	3
77424	can you find emphysema on a xray	3
78730	can you move a hyperlink in excel	3
79763	can you spray roundup after it rains	3
81649	cancer of the stomach symptoms	3
81993	cannot delete partition	3
82161	cannot uninstall windirstat	3
82842	carnelian color meaning	3
83458	cast of movie cowboys	3
83621	cast of the seal team	3
84778	causes for bowel leakage	3
86094	causes of drugs and alcohol	3
87892	causes of petechial hemorrhage	3
89786	central city definition	3
91345	chemistry amu definition	3
92437	cincinnati baseball teams	3
92542	circulation money definition	3
93649	clutch baseball definition	3
94865	coloring pages numbers	3
94953	columbus iron works	3
95286	commercial roaming definition	3
96250	complex protein definition	3
96379	compressive atelectasis definition	3
96749	concurrent disorders definition	3
97895	contract number piid	3
97972	control panel define control panel	3
98847	convert oz to gallons	3
99183	convert wh to joules	3
100250	cosmology what is the dark ages	3
100661	cost estimation technique	3
102695	cost of bamboo hr	3
106125	cost of pet snakes	3
107812	cost of us passport	3
108037	cost of wooden shutters	3
108622	cost root canal	3
109276	cost to dig a pond	3
112318	crate engine how heavy	3
112477	creative arts definition	3
113664	curious definition synonyms	3
113826	current fad diet	3
114037	current price of soybeans	3
115930	dcu routing number'	3
116939	define  simplify math	3
117036	define a multichannel radio	3
121017	define engineering controls	3
123859	define memorandum of understanding	3
124534	define nfc technology	3
125627	define precocious puberty	3
127098	define sim card	3
127984	define tension stress	3
2235	Bethel University was founded in what year	4
2962	Explain what a bone scan is and what it is used for.	4
9454	a simple definition for the word bias.	4
10276	access, how to go to most recent record	4
11006	actress who plays alice on the magicians	4
12903	age discrimination in the workplace cases	4
14151	age requirements for name change	4
16860	american translators association how to study	4
19940	aplastic anemia causes and symptoms	4
20356	approximately how many moons does uranus have	4
21741	are cold sores and fever blisters the same	4
21765	are comic books considered a genre	4
22670	are giraffes the tallest mammals on earth	4
24115	are parents allowed to spank children	4
25603	are there bad side effects of htp	4
27743	asus phones price list	4
28352	at what age does a colt become fertile	4
28442	at what age does the average person retire	4
29097	at what temperature should cooling fans start	4
30188	avatar the last airbender game	4
31595	average car bill in florida	4
34015	average cost of maid service	4
36703	average gas prices in ga	4
38608	average loan payment for car	4
44072	average snowfall in chatsworth ga	4
44686	average temp in hana hi	4
46095	average time for hair to grow	4
47588	average wpm typing speed	4
50833	benefits of green tea and cinnamon	4
54531	blood coagulation is a component of this process	4
54544	blood diseases that are sexually transmitted	4
55682	botulism symptoms diagnosis and treatment	4
57258	burning feeling in stomach symptoms	4
57411	business identification number bin	4
58130	caffeine takes how long effect	4
58409	calculate days past ovulation	4
59392	calories burned using elliptical	4
60339	calories in ground beef stroganoff	4
60677	calories in one slice ham	4
61623	can Climbing Roses grow as bush roses?	4
61882	can a backache cause stomach pain	4
62648	can a lp gas furnace be serviced	4
64528	can anyone take prenatal vitamins?	4
65000	can blind chameleon change colors?	4
65583	can chewing gum cause ulcers	4
65584	can chewing gum prevent heartburn	4
74759	can tmj cause your jaw lock	4
77323	can you faint with eyes fixed open	4
78076	can you grow red onions in pot	4
82293	capital expenditure definition example	4
85904	causes of cramping pelvic pain	4
85954	causes of death in the world's history	4
86203	causes of elderly leg to swell	4
86264	causes of elevated serum bilirubin	4
88160	causes of roof of mouth soreness	4
88284	causes of severe itching all over body	4
88375	causes of slow blood flow	4
88577	causes of swelling in the feet and ankles	4
88831	causes of trigger finger in children	4
91722	child support legal definition of	4
92509	circadian rhythm disorders symptoms	4
99556	copperhead snake bite effects	4
100616	cost estimate glass shower	4
102506	cost of appendectomy surgery in usa	4
103125	cost of cbs all access on roku	4
106508	cost of redwood privacy fence	4
109647	cost to install a front door	4
109819	cost to install french drain	4
112718	crew fort worth application	4
116820	deferred action literal definition	4
118448	define body muscular endurance	4
128113	define the indirect function in excel	4
128633	define unadjusted trial balance	4
133037	definition of capias issued on a background	4
137919	definition of routine foot care	4
142579	devine paint color stores	4
144285	did jonah die in the belly of the whale	4
146244	difference between a spruce and a fir tree	4
147073	difference between discrete and process manufacturing	4
149221	difference between yellow jackets and wasps	4
149767	different foods of oaxaca mexico	4
149801	different kind of kidney stones	4
149853	different kinds of spruce trees	4
150087	different types led lights	4
155086	do azaleas like acidic soil	4
156052	do dry beans have a shelf life	4
156723	do hulled strawberries need to be refrigerated?	4
160255	do you give a toast at rehearsal dinner	4
160735	do you need a license to get a notary	4
160808	do you need a transit visa for iran	4
161828	does LOS ANGELES have buses or metro	4
164946	does comcast charge extra for hd	4
166043	does estrogen make me start my period	4
166625	does gastritis cause leaky gut	4
166748	does global entry include tsa	4
166784	does glycerin tincture need to be refrigerated	4
167156	does highster mobile really work	4
168069	does kurt cobain buried or cremated	4
168238	does lemon make water alkaline	4
169305	does motion sensor device have camera	4
1215	3 levels of government in canada and their responsibilities	5
9926	about how many fans does mexico soccer team	5
13397	age not to take off shoes at airline security	5
15607	all of the following were created by the first congress in 1789	5
22231	are eggs or grapes better to fight colds	5
24441	are premature roth ira distributions taxable	5
30860	average amount of money stna make	5
30956	average annual income for rn in illinois	5
34039	average cost of medicare drug plan	5
37952	average interest rate for saving account	5
39360	average new rn salary in mass.	5
42361	average salary for high school counselor	5
42568	average salary for public relations manager	5
47716	average yield per strawberry plant	5
51276	benefits of the master cleanse lemonade diet	5
54235	black death effects on europe culture	5
58571	calculate total days between two dates	5
59030	call delta reservations phone number	5
62411	can a grandparent open a 529 plan for a grandchild	5
63548	can a yeast infection cause swollen bumps	5
64960	can birth control cause hormonal imbalance	5
65488	can celiac disease cause excessive sweating	5
66908	can eating cabbage help you lose weight	5
69789	can i take the mortgage interest deduction and the standard deduction?	5
70340	can inheritance monies be taken by the trustee in bankruptcy	5
70709	can lease renewal date be changed by landlord	5
73257	can seizure meds cause low sodium?	5
75266	can vcenter standard manage essentials plus	5
77391	can you file bankruptcy separately if you are getting divorced	5
77878	can you get refunded on an amazon prime subscription	5
80590	can you use denture tablets to clean a brace	5
81945	cannot connect to citrix xenapp server	5
82100	cannot print to adobe pdf printer	5
84473	cause of painful swollen lymph nodes	5
89777	centra credit union routing number	5
95409	common causes for elevated liver enzymes	5
97964	contributory aged parent visa cost	5
98682	convert lumens to foot-candles	5
102627	cost of attending kennesaw state university	5
108507	cost planned parenthood tubal ligation	5
114573	customer service number for atmos energy	5
115365	danny phantom the ultimate enemy game	5
115833	days sales in cash ratio definition	5
125996	define pull the wool over someone's eyes	5
142382	determining marginal cost from total cost equation	5
142411	detox bath ingredients epsom salt	5
144254	did john lennon say he was more famous than jesus	5
144857	did princess margaret ever marry peter	5
147337	difference between ford supercab and crew cab	5
148761	difference between soy and whey protein powder	5
151547	dimensions of lazy susan base cabinet	5
161224	do you set up txt record like a cname?	5
162351	does a refrigerator normally use a standard outlet	5
163602	does bacterial infection cause joint pain 	5
165002	does contraction of the ciliary muscles shorten the lens	5
170770	does quasi experimental use pretest and posttest	5
171527	does solar radiation cause global warming	5
173001	does the temperature affects the rate of buffer solution	5
176677	during pregnancy, when does the baby get in the head down position	5
178468	effects hot stone has on the circulatory system	5
185009	famous people who was born on pi day	5
185276	fastest car in the world motor tr	5
186446	ferrous sulfate how many elemental iron	5
188714	foods and supplements to lower blood sugar	5
190307	foods to help lower cholesterol naturally	5
191632	freedom home mortgage phone number	5
192579	function to count a certain character in cell	5
192894	furthest distance man has traveled in space	5
193422	gas price in mount gilead oh	5
194531	geranium rose essential oil benefits	5
198581	harland clarke customer service number	5
203039	highest state income tax rate	5
206549	house is settling and outside wall is cracked	5
230082	how far do bears homes range in miles?	5
231298	how far is it from colorado springs to la junta	5
231482	how far is lake como to lugano switzerland	5
239189	how long after pap smear will i receive results	5
239511	how long ago can exposure to hiv show up?	5
240504	how long before female dog shows pregnancy	5
242713	how long can u keep fresh eggs for	5
243139	how long can you keep frozen meat in freezer	5
247717	how long do you cook pork tenderloin in oven	5
248086	how long do you have to go college to become nurse	5
248385	how long do you keep credit card statements	5
249321	how long does a duck egg take to hatch	5
249792	how long does a mild sprain take to heal	5
249866	how long does a pa marriage license last	5
250228	how long does a stress test usually take	5
250636	how long does an average runner run 10kn	5
255633	how long does it take to become a us citizen	5
256052	how long does it take to cook dry beans	5
258337	how long does it take to walk a quarter mile	5
258485	how long does it tske for duck eggs to hatch	5
259239	how long does pink eye last bacterial	5
267187	how long should one hold bank statements?	5
267566	how long should you rinse your eyes in a safety eye wash	5
273014	how long until you see gains from test e	5
273449	how long will cut melon stay good	5
276979	how many calories in a medium smoothie king smoothie	5
277977	how many calories mcdonalds chicken nuggets	5
7968	When did the earthquake hit San Francisco during the World Series	6
32176	average cost for assisted living in syracuse ny	6
36473	average fifty year old retirement savings	6
37685	average income for north salem new york	6
59190	calorie intake for normal guy lifting weights	6
66161	can cuisinart electric pressure cooker be used as a canner	6
75698	can windows media player play amr files	6
79891	can you substitute chocolate chips for semi-sweet	6
80712	can you use merge things together in one table	6
86701	causes of headaches retina eye stops working	6
93823	co-curricular vs extracurricular definition	6
128200	define the term globalization as it applies in agribusiness management	6
153794	distance in miles pittsburgh, pa to new york	6
159078	do sports medicine physicians have to go to medical school	6
160671	do you need a certification to become a mindfulness meditation practitioner	6
166111	does excessive spinach consumption cause kidney stones	6
176015	driving distance littleton co to ft. collins co	6
231109	how far is grand hyatt denver to the convention center?	6
253678	how long does it take for collections to come off credit report	6
256783	how long does it take to get a va refinance loan?	6
257335	how long does it take to get your lottery jackpot check?	6
259763	how long does tap water have to sit before i put my fish in it	6
261521	how long for weed to get out of your system urine test	6
273481	how long will food last in the refrigerator without power	6
277632	how many calories in one large baked potato	6
278658	how many carbs in one cup of cooked quinoa	6
279718	how many coats of watco butcher block finish on butcher block	6
281002	how many days do have in advance of a election to register to vote	6
286160	how many hours of light do indoor plants need	6
290779	how many oscars has clint eastwood won?pdrijgheposrgijapeoikgjpesoar	6
290830	how many oscars has peter jackson wolllnlll?l	6
292094	how many people die from snake bites a year?	6
298444	how many times has amnesty been given to illegal aliens?	6
298940	how many types of files are on a single video dvd	6
300312	how many words one page double spaced	6
303777	how much coffee is safe per day pregnancy	6
303790	how much college education is recommended for being a computer engineer	6
320320	how much how much per hour does a private housekeeper make	6
323798	how much jail time is a class d felony	6
328611	how much time it take to get transit visa	6
329515	how much to replace honda civic ignition switch	6
330560	how much wider is a california king vs regular king	6
335711	how old is lil niqo when he made television love	6
351820	how to convert voice recording to mp4 samsung galaxy	6
353623	how to create one pivot table from multiple tabs	6
359499	how to find threads per inch on a metric bolt	6
368728	how to make dd mango pineapple ice tea	6
399617	is a claim alleging tcpa violation a d&o claim?	6
400311	is a lower ph level better in drinking water	6
406923	is commemorative air force contribution tax deductible?	6
407131	is copper one of the metals needed by human body	6
408945	is dylan o'brien related to adam brody	6
414714	is it still dangerous to go to the place of where the chernobyl happened	6
435794	largest airport near lake clear ny	6
437752	lasik surgery how long to wear goggles at night	6
496244	should comp time for overtime for government employees be accrued	6
497132	should you use lead or lag time in project schedules	6
507434	symptoms of depersonalization/derealization disorder include all of the following except	6
520627	tila-respa integrated disclosure definition	6
537301	virginia corporate income tax due date	6
552868	what airport to use to get to tuscany region of italy	6
589586	what causes low pressure on a pump for well water	6
595236	what chemical process are used to make synthetic rubber	6
670476	what impact did world war ii have on the american economy?	6
760817	what is irs individual taxpayer identification number (itin)	6
805900	what is the average cost of a home in santa rosa california	6
806688	what is the average pay per line for medical transcription	6
841165	what is the process called for exchanges gases between body and air	6
859274	what is unreserved designated fund balance in government accounting	6
885986	what percent workers get martin luther king off	6
900924	what temp do you cook pork chops on in the oven? and for how long?	6
904389	what time does chick-fil-a breakfast close	6
907127	what to eat and drink to help lose belly fat	6
909547	what tv series theme song was woke up this morning?	6
928753	what year was why havent i heard from you reba mcentire released	6
932495	what's the movie with meryl streep that a dingo ate her baby	6
987671	who said never let a tragedy go to waste	6
988653	who is the president of the republic of texas right now mark smith	6
992605	which variety of rosemary grows well in north carolina?	6
992660	which type of tissue has abundant nonliving extracellular matrix	6
993041	which state is legal cultivation medical marijuana for business	6
994133	which kind of biologist would most likely study whales?	6
995380	which climate prevails in the northwest coast of the united states	6
997648	where is the bronx located within new york city	6
997713	where is the animal foundation located in las vegas, nv	6
1003277	when to plant bermuda grass in piedmont region of nc	6
1007473	_______ sediments originate from elements in seawater that precipitate out of solution.	6
1009109	which environment would be likely to produce a black shale?	6
1010524	what year did the song vehicle by the ides of march come out	6
1011721	which is more important for weight loss the distance or the speed of walking?	6
1015347	what type of government does a small group of people rule	6
1016790	which pair of chromosomes would result in the birth of a male	6
1021907	which type of governmental power does a unitary system hold?	6
1023025	what part of florida is patrick air force base	6
1024528	what muscles could be involved in a rotator cuff injury	6
1025801	what law schools did justice anthony kennedy graduate from	6
1033927	what is the purpose of a conceptual model for advanced practice nursing	6
1039195	who is the actress that played gretchen schwartz on breaking bad	6
1042364	what is the cost of hot air ballooning in temecula, ca	6
1043914	what is the best way to treat a cold sore that is scabbed over	6
20671	are a category of sugars that contain either one or two molecules	7
42555	average salary for primary care sports medicine doctors	7
62439	can a health care proxy give consent for hiv testing	7
153037	distance between cities amarillo tx and mora new mexico	7
157149	do i really need to separate baby clothes by color before washing?	7
159667	do us citizens need passports to enter and exit canada	7
172062	does tarrant county assessor figure your taxes on assessed or appraised	7
172608	does the independent or dependent variable go on the x-axis	7
244011	how long do I bake skinless seared chicken breast at 350	7
250367	how long does a us passport need to be valid to visit germany	7
257309	how long does it take to get your bsrn if you already have a bachelors degree	7
257885	how long does it take to process your request for ssa retirement benefits?	7
270140	how long to cook sauerkraut and fresh kielbasa in slow cooker	7
278429	how many carbs can a type 2 diabetic have per day	7
283141	how many episodes in Better call saul season 2	7
285537	how many horsepower needed to plane a flat bottom boat	7
288884	how many miles in altitude is the united states satellite constellation	7
301061	how many years is the term for mi supreme court judges	7
324159	how much milk is the average to bring home after every pump?	7
328629	how much time must you give your tenants for an notice of inspection	7
628056	what does a 2005 pro crappie 175 bass tracker weigh	7
662524	what formula in excel returns the number of the current business day	7
808528	what is the best size grout lines to use for tiling shower	7
881582	what network connection transmits data quickly via light?	7
914771	what type of substance minimizes the changes in h+ and oh- in a solution.	7
918324	what was first tv show to show married couple sleeping in same bed	7
926019	what year did california girls-beach boys come out	7
926064	what year did college basketball start a three point shot	7
988787	who is the judge michael day district court of south dakota	7
1000574	where did josiah henson create his afro-canadian community	7
1001810	where are located the central chemoreceptors and the peripheral chemoreceptors for the breathing control process?	7
1005163	which amendment prohibited states from violating citizens' civil rights?	7
1007628	when applying for a new passport do i get to keep my old one	7
1009959	which function automatically counts cells that meet multiple conditions	7
1014697	which of the following events must cause equilibrium price to rise?	7
1014911	which of the following is a genetic condition in which the body is unable to make melanin?	7
1018918	what testing phase ensures that the code meets customer requirements	7
1021554	which two inventors worked to improve the light bulb and electricity	7
1078198	wind power requires how many acres per megawatt	7
1081595	what federal statute gives the epa authority to regulate pesticides	7
1082263	what energy source is earth using primarily for its internal heat	7
1084906	what diseases are associated with low white blood cell count	7
1089964	texas roadhouse glen mills pa phone number	7
1092161	northampton county tax department pa phone number	7
1094271	is a complex molecule in the cell's chromosomes that carries genetic information.	7
1096476	how many years must a person be a u.s. citizen before they can be senator	7
1096509	how many years back to the clinton tax returns go	7
1096628	how many students at mount vernon middle school fortville	7
1096827	how many people died from the flu who didn't take the vaccine	7
1096870	how many ounces in dunkin donuts iced coffee medium	7
1097469	how many calories in a salad containing chicken apples and walnuts	7
1098222	how long does it take for the moon to do a full circle around earth	7
1099452	how do duty based ethical standards differ from outcome-based ethical standards?	7
8714	_____ is the name used to refer to the era of legalized segregation in the united states	8
8854	________ disparity refers to the slightly different view of the world that each eye receives.cyclopeanbinocularmonoculartrichromatic	8
17635	an increase of adh causes the kidneys to ________ the reabsorption of water, causing them to produce _______ urine.	8
517386	the medical term meaning the separation of the retina from the choroid in the back of the eye	8
659230	what famous hollywood composer wrote the film music to king kong	8
663890	what gives the epa the authority to publish radiation protection guidance for other federal agencies	8
665009	what happened in europe as a result of the cooling in climate that occurred in the early fourteenth century?	8
840532	what is the prevalence of overweight among children and adolescents in the u.s, and what are the contributing factors?	8
846806	what is the simplest whole-number ratio of atoms in a molecule or formula unit called?	8
914637	what type of solution is made when mixing table salt to water until it dissolves	8
925571	what would happen if you start car without maf sensor plug connected	8
992132	who created an engraving of the boston massacre to increase support for the patriot cause?	8
993255	which rotator cuff muscle originates on the subscapular fossa of the scapula and inserts on the lesser tubercle of the humerus?	8
993834	which of the following structures form cytoplasmic channels that connect adjacent plant cells through the cell walls?	8
994085	which law says elastic limits strain produced is proportional to the stress called	8
994479	which health care system provides all citizens or residents with equal access to health care services	8
1007691	when allocating service department costs, the method which ignores serviced provided to other service departments is called	8
1009994	_______ ratios measure an organization's ability to meet its short term obligations.	8
1010277	which greek deity was honored with a towering gold-and-ivory statue inside the parthenon?	8
1015766	which of the following steps occurs last in the initiation phase of translation?hints	8
1016406	which one of the following organelles is involved in the production of proteins that are exported from the cell?	8
1016703	which organisms utilize a one-way air flow through their lungs to maximize air flow efficiency and oxygen consumption?	8
1017892	which president is credited with the inspiration for maxwell's house slogan good to the last drop	8
1022198	what president of the united states was born in lamar missouri and farmed for several years	8
1030722	what is the underlying reason a governmental unit uses separate funds to account for its transactions?	8
1042752	what is the colorless, gaseous element that makes up four-fifths of the air	8
1062457	why did franklin d roosevelt launch a new programs during his first hundred days in office	8
1068924	why hemorrhagic disease tests due to vitamin k deficiency in infancy	8
1080253	what fraction of the light falling on a piece of photographic film is typically wasted	8
1085760	what contains inner membranes arranged in stacks of membranous sacs called grana	8
1085764	what constitutional clause prohibits a state from drawing unreasonable distinctions between its own residents and those of persons living in other states	8
1086430	what book was on new york times list for patti callahan henry	8
1086701	what are the two species that are considered mountain yellow-legged frogs?	8
1093322	longest-tenured cast member of saturday night live	8
1095469	how much square foot per child in a mn child care center	8
1095699	how much money did the nra give to ted cruz of texas senate	8
1096454	how much apple cider vinegar is needed to help clear sinus	8
1097066	how many homes in heritage oak park port charlotte fl	8
